Index,Image,Title,Caption,Detail,Audio
1,img-01.png,title-01.mp3,"""caption-01""","""detail-01""",audio-01.mp3
2,img-02.png,title-02.mp3,"""caption-02""","""detail-02""",audio-02.mp3
3,img-03.png,title-03.mp3,"""caption-03""","""detail-03""",audio-03.mp3
4,img-04.png,title-04.mp3,"""caption-04""","""detail-04""",audio-04.mp3
5,img-05.png,title-05.mp3,"""caption-05""","""detail-05""",audio-05.mp3
6,img-06.png,title-06.mp3,"""caption-06""","""detail-06""",audio-06.mp3
7,img-07.png,title-07.mp3,"""caption-07""","""detail-07""",audio-07.mp3
8,img-08.png,title-08.mp3,"""caption-08""","""detail-08""",audio-08.mp3
9,img-09.png,title-09.mp3,"""caption-09""","""detail-09""",audio-09.mp3
10,img-10.png,title-10.mp3,"""caption-10""","""detail-10""",audio-10.mp3
11,img-11.png,title-11.mp3,"""caption-11""","""detail-11""",audio-11.mp3
12,img-12.png,title-12.mp3,"""caption-12""","""detail-12""",audio-12.mp3
13,img-13.png,title-13.mp3,"""caption-13""","""detail-13""",audio-13.mp3
14,img-14.png,title-14.mp3,"""caption-14""","""detail-14""",audio-14.mp3
15,img-15.png,title-15.mp3,"""caption-15""","""detail-15""",audio-15.mp3
16,img-16.png,title-16.mp3,"""caption-16""","""detail-16""",audio-16.mp3
17,img-17.png,title-17.mp3,"""caption-17""","""detail-17""",audio-17.mp3
18,img-18.png,title-18.mp3,"""caption-18""","""detail-18""",audio-18.mp3
19,img-19.png,title-19.mp3,"""caption-19""","""detail-19""",audio-19.mp3
20,img-20.png,title-20.mp3,"""caption-20""","""detail-20""",audio-20.mp3
21,img-21.png,title-21.mp3,"""caption-21""","""detail-21""",audio-21.mp3
22,img-22.png,title-22.mp3,"""caption-22""","""detail-22""",audio-22.mp3
23,img-23.png,title-23.mp3,"""caption-23""","""detail-23""",audio-23.mp3
24,img-24.png,title-24.mp3,"""caption-24""","""detail-24""",audio-24.mp3
25,img-25.png,title-25.mp3,"""caption-25""","""detail-25""",audio-25.mp3
26,img-26.png,title-26.mp3,"""caption-26""","""detail-26""",audio-26.mp3
27,img-27.png,title-27.mp3,"""caption-27""","""detail-27""",audio-27.mp3
28,img-28.png,title-28.mp3,"""caption-28""","""detail-28""",audio-28.mp3
29,img-29.png,title-29.mp3,"""caption-29""","""detail-29""",audio-29.mp3
29,img-30.png,title-30.mp3,"""caption-30""","""detail-30""",audio-30.mp3
29,img-31.png,title-31.mp3,"""caption-31""","""detail-31""",audio-31.mp3
29,img-32.png,title-32.mp3,"""caption-32""","""detail-32""",audio-32.mp3
29,img-33.png,title-33.mp3,"""caption-33""","""detail-33""",audio-33.mp3
29,img-34.png,title-34.mp3,"""caption-34""","""detail-34""",audio-34.mp3
29,img-35.png,title-35.mp3,"""caption-35""","""detail-35""",audio-35.mp3
29,img-36.png,title-36.mp3,"""caption-36""","""detail-36""",audio-36.mp3
29,img-37.png,title-37.mp3,"""caption-37""","""detail-37""",audio-37.mp3
29,img-38.png,title-38.mp3,"""caption-38""","""detail-38""",audio-38.mp3
29,img-39.png,title-39.mp3,"""caption-39""","""detail-39""",audio-39.mp3
29,img-40.png,title-40.mp3,"""caption-40""","""detail-40""",audio-40.mp3